A;B;C;D;E;F;G;H;I;J;K;L;M;N;O;P
Air dingin;Ayam geprek;Gorengan;Pisang goreng;Bakso;Buah;Sup ayam;Bakso Aci ;Siomay ;Kebab ;Mie Aceh ;Mie Aceh ;Kwetiaw ;Mie Rebus ;Kopi ;Kopi 
Roti;Bakso;Gorengan;Sop kambing;Keripik;Sate ayam;Soto;Teh ;Mie Rebus ;Indomie ;Gorengan ;Gorengan ;Buah ;Buah ;Buah ;Teh 
Es teh;Snack;Cireng;Brownis;Bakso;Pempek;Soto;Indomie ;Nasi Goreng ;Nasi Goreng ;Indomie ;Indomie ;Dancow ;Dancow ;Pancong ;Chocolatos 
Indomie;Mie ayam;Nasi ayam;Cream soup;Sup;Buah;Gulai;Mie Rebus ;Pecel Lele ;Soto ;Gorengan ;Nasi Goreng ;Snack ;Indomie ;Nasi Kuning ;Nasi Goreng 
Bubur;Bakso;Brownis;Steak;Sup;Cakwe;Takoyaki;Gorengan ;Bubur ;Es Krim ;Nasi Goreng ;Kwetiaw Rebus ;Kopi ;Indomie ;Bubur ;Indomie 
Mixue;Es krim;Siomay;Soto;Sup;Pisang goreng;Basreng;Keripik ;Burger ;Mie Rebus ;Snack ;Kopi ;Snack ;Kopi ;Telur Dadar ;Susu 
Nasi kuning;Mie ayam;Nabati;Snack;Lasagna;Tortilla;Kopi;Ayam Taliwang ;Bakso ;Mie Rebus ;Basreng ;Basreng ;Pizza ;Basreng ;Cubit ;Bubur 
Nasi kucing;Ayam geprek;Bakso aci;Martabak;Mie rebus;Snack;Bakmi;Pisang Goreng ;Buah ;Energen ;Keripik ;Cuanki ;Mie Gacoan ;Mie Gacoan ;Sosis ;Roti 
Mie ayam;Nasi ayam;Teh;Nasi goreng;Sup;Bitterballen;Mie rebus;Es Kobok ;Cokelat ;Takoyaki ;Cokelat ;Takoyaki ;Indomie ;Cokelat ;Cokelat ;Cokelat 
Nasi goreng;Es teler;Indomie;Ramen;Snack;Snack;Nasi goreng;Bakso ;Martabak ;Basreng ;Sate Kambing ;Mie Rebus ;Sosis ;Sosis ;Nasi Uduk ;Nasi Uduk 
Roti susu;Mie ayam;Mie rebus;Mie rebus;Bubur sumsum;Snack;Sup ayam;Kopi ;Kopi ;Kopi ;Kopi ;Kopi ;Kopi ;Kopi ;Kopi ;Kopi 
Es cendol;Teh pucuk;Gorengan;Cream soup;Seblak;Siomay;Soto;Seblak ;Bakmi ;Bakmi ;Martabak ;Gorengan ;Nasi Pecel ;Indomie ;Indomie ;Bubur 
Es teh manis;Karedok;Keripik;Bakso;Mie rebus;Rujak;Kebab;Siomay ;Keripik ;Mie Rebus ;Roti Bakar ;Mie Rebus ;Susu ;Susu ;Nasi Telur ;Bubur 
Rendang;Kopi;Ayam taliwang;Mie aceh;Cokelat;Buah;Indomie;Nasi  ;Soto ;Nasi Goreng ;Zuppa Soup ;Telur Dadar ;Nasi Telur ;Susu ;Bubur ;Nasi Uduk 
Nasi goreng;Es kelapa;Pisang goreng;Gorengan;Mie rebus;Takoyaki;Nasi goreng;Cokelat Panas ;Burger ;Sup Ayam ;Mie Ayam ;Teh ;Ayam Geprek ;Bakso  Karena ;Nasi Goreng ;Teh 
Buah;Es krim;Es Kobok;Indomie;Kopi;Sate usus;Soto;Piscok ;Ayam Sambal Matah ;Sup Ayam ;Snack ;Sate Ayam ;Nasi Goreng ;Bakso ;Kue Pancong ;Lemper 
Sereal;Nasi telur;Bakso;Gorengan;Bakso;Buah;Es krim;Soto ;Siomay ;Sup Ayam ;Pizza ;Ayam Goreng ;Kentang Goreng ;Burger ;Telur Dadar ;Nasi Uduk 
Roti;Es krim;Kopi;Nasi goreng;Bakso;Ayam geprek;Mie rebus;Seblak ;Nasi Goreng ;Soto ;Snack ;Sup ;Keripik ;Sup ;Roti ;Roti Kukus 
Bubur;Es krim;Seblak;Snack;Ayam panggang;Gorengan;Mie rebus;Snack ;Sate Padang ;Soto ;Pizza ;Mie Rebus ;Snack ;Sup ;Telur Dadar ;Cream Sup 
Air putih;Es krim;Siomay;Basreng;Bakso;Snack;Energen;Seblak ;Ayam Goreng ;Gulai ;Brownis ;Bakso ;Snack ;Mie Rebus ;Roti ;Wedang Ronde 
Pisang Keju;Salad;Nasi hangat;Keripik;Mie rebus;Soto;Brownis;Cokelat ;Nasi Goreng ;Nasi Goreng ;Snack ;Roti ;Indomie ;Indomie ;Energen ;Energen 
Bubur;Nasi ayam;Cokelat panas;Cokelat;Soto;Bakso;Sate ayam;Gorengan ;Brownis ;Pisang Goreng ;Snack ;Snack ;Snack ;Mie Rebus ;Roti ;Nasi Uduk 
Air Teh;Gorengan;Piscok;Sate kambing;Soto;Empal gentong;Ayam bakar;Kue Tart ;Steak ;Sop Kambing ;Martabak ;Wedang Ronde ;Sate ;Kopi ;Otak Otak ;Bandrek 
Roti;Nasi ayam;Soto;Kopi;Sup ayam;Nasi Goreng;Pecel lele;Sate Ayam ;Brownis ;Brownis ;Fettucini ;Bubur Kacang Ijo ;Kopi ;Sate ;Chocolatos ;Bubur 
Nasi kuning;Bebek goreng;Seblak;Martabak;Lontong;Seblak;Brownis;Nasi Ayam ;Sate Ayam ;Cream Soup ;Pizza ;Bajigur ;Thai Iced Tea ;Thai Iced Tea ;Milk ;Omelet 
Lontong;Lontong;Snack;Roti bakar;Indomie;Ayam geprek;Nasi goreng;Ubi Bakar ;Ayam Bakar ;Steak ;Sushi ;Zuppa Soup ;Kwetiaw ;Martabak ;Rosella ;Roti Bakar 
Roti;Burger;Seblak;Zuppa soup;Jus buah;Buah;Pasta;Gulai ;Pecel Lele ;Soto ;Pizza ;Indomie ;Martabak ;Kwetiaw ;Martabak ;Martabak 
Nasi uduk;Es krim;Cokelat;Mie ayam;Ayam geprek;Indomie;Ramen;Snack ;Sushi ;Sushi ;Indomie ;Snack ;Boba ;Martabak ;Telang ;Telang 
Es buah;Es krim;Gorengan;Snack;Gorengan;Kebab;Ayam goreng;Soto ;Brownis ;Snack ;Snack ;Kwetiaw Rebus ;Kebab ;Mie Aceh ;Snack ;Snack 
Air teh;Nasi warteg;Kue tart;Pizza;Jahe;Kopi;Soto;Seblak ;Nasi Goreng ;Martabak ;Indomie ;Indomie ;Kebab ;Kue Cokelat ;Indomie ;Indomie 
Nasi kuning;Salad;Sate ayam;Snack;Soto;Cokelat;Cokelat;Nasi Ayam ;Pasta ;Nasi Goreng ;Ketoprak ;Espresso ;Kwetiaw Rebus ;Banana ;Bakso ;Nasi Kuning 
Es buah;Es krim;Nasi ayam;Pizza;Bakso;Tekwan;Martabak;Seblak ;Ramen ;Ramen ;Taro ;Kembang Tahu ;Banana ;Ovamaltine;Telor ;Cireng 
Es pisang ijo;Nasi padang;Ubi bakar;Brownis;Indomie;Soto;Kopi;Pisang Goreng ;Ayam Goreng ;Mie Rebus ;Snack ;Burger ;Garlic Bread ;Kebab ;Cireng ;Suket 
Soto;Ayam goreng;Snack;Snack;Cream soup;Nasi ayam;Bakmi;Sup ;Soto ;Cream Soup ;Nasi Goreng ;Taro ;Kentang Goreng ;Mie Rebus ;Kentang Goreng ;Dimsum 
Soto;Es krim;Soto;Snack;Bubur;Soto;Keripik;Wedang ;Sayur ;Bakso ;Martabak ;Mie ;Indomie ;Mie ;Bubur ;Bubur Kacang 
Indomie;Mie ayam;Seblak;Martabak;Sup;Mie rebus;Soto;Roti ;Kwetiaw ;Cruffin ;Espresso ;Martabak ;Mie ;Caramel Macchiato;Mie ;Mie 
Indomie;Sup;Nasi ayam;Pizza;Nasi goreng;Gorengan;Burger;Siomay ;Mcd ;Sup Kuah;Tahu Bulat  ;Jahe  ;Affogato;Wiski ;Suket ;Macaroni 
Indomie;Soto;Seblak;Pizza;Bubur;Sate kambing;Ayam sambal matah;Sup ;Barbeque ;Roti Bakar ;Spagheti ;Nasi Goreng  ;Udang ;Hamburger;Sayur   ;Jamur 
Bakso;Seblak;Pisang goreng;Indomie;Soto;Lontong;Siomay;Soto ;Steak ;Ayam  ;Keripik ;Telur ;Lalapan ;Pancong Dan ;Salad   ;Pancake  
Bakso;Soto;Sup;Snack;Bubur;Sup;Nasi goreng;Seblak ;Pecel ;Ayam Sambal Matah   ;Rawon   ;Sekoteng ;Kentang Goreng ;Mie ;Steak Daging ;Roti 
Bubur kacang ijo;Mie ayam;Siomay;Indomie;Bubur;Soto;Sate padang;Sup ;Martabak ;Soto ;Lalapan Plecing  ;Pastel ;Pisang Rebus ;Risoles Dan ;Air  ;Teh  Telur 
Indomie;Rujak;Mie rebus;Ketoprak;Bubur;Teh;Ayam goreng;Soto ;Aceh  ;Pempek  ;Sate  ;Onde ;Klepon ;Cendol;Klapeertart ;Seblak  
Mie ayam;Indomie;Nasi goreng;Snack;Bubur;Es krim;Nasi goreng;Bakso ;Bihun   ;Gado  ;Smoothies ;Nugget ;Bolu Kukus Ringan ;Dadar Gulung  Dan ;Lemper Murah;Roti 
Kopi;Cokelat;Pecel lele;Pizza;Sup;Sup;Brownis;Teh ;Fuyunghai   ;Sup  ;Susu  ;Putu ;Cheesecake Keju ;Serabi;Putu  Murah;Nagasari 
Soto;Gadogado;Bubur;Mie aceh;Sup;Es kelapa;Steak;Seblak ;Nasi   ;Coklat Panas  ;Sup ;Sate  ;Bakwan ;Berbeque ;Onde ;Sayur  
Bubur;Kopi;Burger;Gorengan;Mie rebus;Pisang goreng;Buah;Sup ;Sempol ;Mcd ;Kuaci ;Air ;Tomyum Panas ;Torabika ;Mie ;Roti 
Bakso;Indomie;Jahe;Ubi kukus;Kue tart;Pizza;Jahe;Sup ;Buah  ;Sup ;Wiski ;Sup ;Vietnam Drip;Sup ;Macaroni ;Teh  Telur 
Gorengan;Kopi;Sup ayam;Cream soup;Sup;Buah;Gulai;Pisang Goreng ;Jahe ;Sup ;Mie ;Jagung  ;Roti ;Kukubima ;Telur ;Sup 
Air dingin;Martabak;Lontong;Steak;Sup;Cakwe;Takoyaki;Sup ;Mie ;Mie ;Nasi ;Bintang ;Good Day ;Bintang ;Sayur  ;Extra Joss 
Roti;Roti bakar;Indomie;Soto;Sup;Pisang goreng;Basreng;Wedang Ronde ;Buah ;Sup ;Nasi ;Bakso ;Kukubima ;Sup ;Buah  ;Sucang Es 
Es teh;Zuppa soup;Jus buah;Snack;Lasagna;Tortilla;Kopi;Bakso ;Bakso ;Bakso ;Soju ;Nasi ;Pizza ;Soju ;Mie ;Mie 
Indomie;Mie ayam;Ayam geprek;Martabak;Mie rebus;Snack;Bakmi;Bakso ;Nasi Goreng ;Mie ;Tekwan Kuah  ;Jagung Bakar ;Bintang ;Sama Mi  Kan Gak Mana;Kopi  Kantuk;Kopi   Pahit Kantuk
Bubur;Snack;Gorengan;Nasi goreng;Sup;Bitterballen;Mie rebus;Siomay ;Nasi Goreng Pete  ;Uduk  ;Setop ;Kuaci ;Mie ;Ramyeon ;Keripik Lapar;Keripik 
Mixue;Pizza;Jahe;Ramen;Snack;Snack;Nasi goreng;Bakso ;Jus ;Mozarella ;Martabak  ;Mie ;Wiski ;Soto ;Torabika ;Nutri Sari 
Nasi kuning;Snack;Soto;Mie rebus;Bubur sumsum;Snack;Sup ayam;Ronde ;Indomie Rebus  ;Bakso ;Martabak Gampang;Pisang Mengenyangkan;Telur ;Goreng Sosis Atau Rebus Telur Dan ;Nugget ;Soto 
Nasi kucing;Pizza;Bakso;Cream soup;Seblak;Siomay;Soto;Bakso ;Rawon  Rempah ;Bakso ;Soda ;Mie ;Soju ;Tongseng ;Air  Haus;Air 
Mie ayam;Brownis;Indomie;Bakso;Mie rebus;Rujak;Kebab;Baso ;Sate ;Soto ;Mozarella ;Sekoteng ;Martabak ;Mie ;Nasi Goreng ;Sup 
Nasi goreng;Snack;Cream soup;Mie aceh;Cokelat;Buah;Indomie;Snack ;Sop ;Mie ;Air ;Martabak  ;Mie ;Good Day ;Bubur ;Bubur  
Roti susu;Snack;Bubur;Gorengan;Mie rebus;Takoyaki;Nasi goreng;Capcay ;Mozarella ;Sup ;Ramyeon ;Ramyeon ;Snack ;Air Putih;Telur  ;Torabika 
Es cendol;Martabak;Sup;Indomie;Kopi;Sate usus;Soto;Bayam ;Soda ;Apel    ;Keripik ;Air ;Hamburger   ;Gimbap ;Ayam  ;Madu   
Es teh manis;Pizza;Nasi goreng;Gorengan;Bakso;Buah;Es krim;Mie ;Sup ;Tahu ;Soto ;Gimbap ;Sundaes  ;Deopbap ;Kukubima ;Air  
Rendang;Pizza;Bubur;Nasi goreng;Bakso;Ayam geprek;Mie rebus;Cakwe ;Pisang Goreng;Soto ;Seledri ;Keripik ;Gimbap ;Mie ;Air  Haus;Nasi  
Nasi goreng;Indomie;Soto;Snack;Ayam panggang;Gorengan;Mie rebus;Sup ;Pecel ;Nasi Goreng ;Cokelat ;Soto ;Kentang Goreng ;Milkshake ;Madu  ;Soto 
Buah;Snack;Bubur;Basreng;Bakso;Snack;Energen;Mie ;Soto ;Teh ;Susu ;Soto ;Ikan  Laut ;Espresso ;Nasi Goreng Lezat Gizi;Mie 
Sereal;Indomie;Bubur;Keripik;Mie rebus;Soto;Brownis;Bakso ;Lumpia ;Lumpia ;Mcd ;Sekoteng ;Deopbap ;Sategugah Selera Dan Lezat;Udang  ;Udang  Goreng
Roti;Ketoprak;Bubur;Cokelat;Soto;Bakso;Sate ayam;Bakso ;Nachos ;Ayam Geprek ;Burger;Siomay ;Sate Selera Lezat ;Stmj;Good Day ;Good Day 
Bubur;Snack;Bubur;Sate kambing;Soto;Empal gentong;Ayam bakar;Udon  ;Nasi Goreng  Sedap;Soto ;Coke Float ;Sup ;Sosis  ;Mie ;Nasi Nugget  ;Nugget  
Air putih;Pizza;Sup;Kopi;Sup ayam;Nasi Goreng;Pecel lele;Ramen  ;Mie ;Bakmi Rebus Agar Dapat  Badan;Coca Cola ;Bakmi Rebus ;Mie ;Soto ;Permen  Ringan ;Permen   
Pisang Keju;Mie aceh;Sup;Martabak;Lontong;Seblak;Brownis;Nasi  ;Nasi Goreng ;Air ;Bulgogi ;Mie ;Bakso ;Salted Egg ;Telur  ;Telur  
Bubur;Gorengan;Mie rebus;Roti bakar;Indomie;Ayam geprek;Nasi goreng;Kentang Goreng ;Kuetiaw Kenyal;Sekoteng ;Gimbap ;Starbucks ;Starbucks ;Starbucks ;Bubur ;Bubur  
Air Teh;Ubi kukus;Kue tart;Zuppa soup;Jus buah;Buah;Pasta;Ayam Bakar ;Buah Ringan;Nachos ;Salted Egg ;Aglio Olio ;Tuna ;Croissant ;Nasi ;Nasi  
Roti;Cream soup;Sup;Mie ayam;Ayam geprek;Indomie;Ramen;Lumpia ;Nachos ;Tiramisu ;Aglio Olio ;Sarden ;Espresso ;Beef ;Dancow ;Sate 
Nasi kuning;Steak;Sup;Snack;Gorengan;Kebab;Ayam goreng;Ceker ;Ceker ;Cappucino ;Taro ;Tuna ;Beef ;Bbq ;Sate ;Thai Iced Tea 
Lontong;Soto;Sup;Pizza;Jahe;Kopi;Soto;Kornet ;Spagheti ;Juice ;Ovaltine ;Aglio Olio ;Salted Egg ;Frappuccino ;Thai Iced Tea ;Kwetiaw 
Roti;Snack;Lasagna;Snack;Soto;Cokelat;Cokelat;Mozarella ;Kornet ;Spagheti ;Beng Beng ;Bbq ;Aglio Olio ;Nescafe ;Fettucini ;Biscoff French Toast
Nasi uduk;Martabak;Mie rebus;Pizza;Bakso;Tekwan;Martabak;Telor Balado ;Cappucino ;Coke Float ;Ayam Suwir ;Frappuccino ;Bbq ;Jalapeno ;Soju ;Croissant 
Es buah;Nasi goreng;Sup;Brownis;Indomie;Soto;Kopi;Gelato ;Juice ;Onion Ring ;Regal ;Nescafe ;Frappuccino ;Ovaltine ;Starbucks ;Milkshake 
Air teh;Ramen;Snack;Snack;Cream soup;Nasi ayam;Bakmi;Agar Agar ;Starbucks ;Coca Cola ;Ebi ;Jalapeno ;Nescafe ;Beng Beng ;Croissant ;Eclair 
Nasi kuning;Mie rebus;Bubur sumsum;Snack;Bubur;Soto;Keripik;Onion Ring ;Agar Agar ;Spring Roll ;Baguette ;Ovaltine ;Jalapeno ;Ayam Suwir ;Beef ;Cornet 
Es buah;Cream soup;Seblak;Martabak;Sup;Mie rebus;Soto;Latte ;Latte ;Fettucini ;Macaron ;Beng Beng ;Ovaltine ;Regal ;Frappuccino ;Bubur Mutiara 
Es pisang ijo;Empal gentong;Ayam bakar;Pizza;Nasi goreng;Gorengan;Burger;Cah Kembang Kol ;Coca Cola ;Kimchi ;Souffle ;Ayam Suwir ;Ayam Suwir ;Milkshake ;Nescafe ;Carbonara 
Roti;Nasi Goreng;Pecel lele;Pizza;Bubur;Sate kambing;Ayam sambal matah;Bistik ;Spring Roll ;Bulgogi ;Mango Sticky Rice ;Regal ;Regal ;Teriyaki ;Beng Beng ;Pastry 
Roti;Seblak;Brownis;Indomie;Soto;Lontong;Siomay;Coca Cola ;Fettucini ;Starbucks ;Kari ;Milkshake ;Milkshake ;Matcha ;Ayam Suwir ;Donat 
nasi;Ayam geprek;Nasi goreng;Snack;Bubur;Sup;Nasi goreng;Spring Roll ;Kimchi ;Tuna ;Babi Panggang ;Teriyaki ;Teriyaki ;Baguette ;Milkshake ;Oreo 
Roti;Buah;Pasta;Indomie;Bubur;Soto;Sate padang;Rice Bowl ;Sarden ;Beef ;Pork ;Baguette ;Matcha ;Macaron ;Teriyaki ;Lidah Kucing 
Es;Indomie;Ramen;Ketoprak;Bubur;Teh;Ayam goreng;Pocari Sweat ;Beef ;Aglio Olio ;Dumpling ;Macaron ;Baguette ;Mango Sticky Rice ;Matcha ;Kastengel 
Roti;Kebab;Ayam goreng;Snack;Bubur;Es krim;Nasi goreng;Japchae ;Ayam Suwir ;Regal ;Hot Pot ;Souffle ;Macaron ;Kari ;Baguette ;Nastar 
Sayur lodeh;Kopi;Soto;Pizza;Sup;Sup;Brownis;Ayam Suwir ;Ebi ;Ebi ;Bibimbap ;Hot Pot ;Souffle ;Bibimbap ;Macaron ;Roti Canai 
Bubur;Cokelat;Cokelat;Mie aceh;Sup;Es kelapa;Steak;Ebi ;Miso Soup ;Macaron ;Jjangmyeon ;Bibimbap ;Mango Sticky Rice ;Soto Betawi ;Sop Iga ;Richeese 
Soto;Tekwan;Martabak;Gorengan;Mie rebus;Pisang goreng;Buah;Tempura ;Macaron ;Souffle ;Tempe Orek ;Gurame ;Hot Pot ;Sop Iga ;Roti Boy ;Milkshake 
Nasi uduk;Soto;Kopi;Ubi kukus;Kue tart;Pizza;Jahe;Sashimi ;Kari ;Kari ;Pork ;Soto Betawi ;Bibimbap ;Roti Boy ;Pie Cream ;Tempura 
Bubur;Nasi ayam;Bakmi;Brownis;Indomie;Soto;Lontong;Miso Soup ;Babi Panggang ;Dumpling ;Gurame ;Mushroom ;Gurame ;Pie Cream ;Eclair ;Miso Soup 
Jus;Soto;Keripik;Nasi goreng;Snack;Bubur;Sup;Babi Panggang ;Pork ;Hot Pot ;Pie Cream ;Chicken Box ;Roti Boy ;Eclair ;Cornet ;Croissant 
Air;Mie rebus;Soto;Pasta;Indomie;Bubur;Soto;Pork ;Gurame ;Jjangmyeon ;Cornet ;Roti Boy ;Pie Cream ;Cornet ;Carbonara ;Salted Egg 
Coklat;Gorengan;Burger;Ramen;Ketoprak;Bubur;Teh;Jjangmyeon ;Hazelnut ;Sambal ;Cruffin ;Pie Cream ;Eclair ;Pastry ;Donat ;Pocari Sweat 
Es;Gorengan;Nasi goreng;Sup;Bitterballen;Mie rebus;Nasi pecel;Petis ;Carbonara ;Gurame ;Black Forrest ;Pandan ;Cornet ;Lidah Kucing ;Oreo ;Salted Egg 
Es;Jahe;Ramen;Snack;Snack;Nasi goreng;Susu;Nasi Kebuli ;Cruffin ;Hazelnut ;Acar ;Black Forrest ;Hazelnut ;Chicken Box ;Lidah Kucing ;Sarden 
Soto;Soto;Mie rebus;Bubur sumsum;Snack;Sup ayam;Nasi telur;Cornet ;Black Forrest ;Cruffin ;Stmj ;Doughnut ;Pandan ;Mushroom ;Kastengel ;Energen 
Pisang;Bakso;Cream soup;Seblak;Siomay;Soto;Indomie;Carbonara ;Telur  ;Black Forrest ;Wedang Ronde ;Karaage ;Donat ;Hot Pot ;Nastar ;Wedang Ronde 
Pisang;Indomie;Bakso;Mie rebus;Rujak;Kebab;Kembang tahu;Black Forrest ;Acar ;Acar ;Zuppa Soup ;Klappertaart ;Pizza ;Babi Panggang ;Donat ;Bajigur 
Es;Cream soup;Mie aceh;Cokelat;Buah;Indomie;Burger;Siomay ;Oncom ;Bajigur ;Gacoan ;Milo ;Kentang ;Kari ;Roti Canai ;Capcay 
Sup;Bubur;Gorengan;Mie rebus;Takoyaki;Nasi goreng;Kwetiaw;Risoles ;Pepes Tahu ;Rawon ;Tomyum ;Snack ;Liwet ;Ovaltine ;Oreo ;Rawon 
Roti;Sup;Indomie;Kopi;Sate usus;Soto;Buah;Sosis ;Ayam Goreng ;Sempol ;Klepon ;Takoyaki ;Martabak ;Milkshake ;Cruffin ;Brownis 
Jus;Nasi goreng;Gorengan;Bakso;Buah;Es krim;Snack;Terong ;Martabak ;Stmj ;Sosis ;Ramen ;Sate Kambing ;Jalapeno ;Cornet ;Mie Aceh 
Pecel;Bubur;Nasi goreng;Bakso;Ayam geprek;Mie rebus;Kopi;Gado Gado ;Rawon ;Gacoan ;Ayam Bakar ;Steak ;Pisang Goreng ;Frappuccino ;Pie Cream ;Mie Rebus 
Jus;Soto;Snack;Ayam panggang;Gorengan;Mie rebus;Snack;Udon ;Cilok ;Cilok ;Latte ;Crepes ;Nabati ;Aglio Olio ;Beef ;Jahe 
Pecel;Bubur;Basreng;Bakso;Snack;Energen;Pizza;Roti Kukus ;Hazelnut ;Chattime ;Rol ;Cookies ;Tortilla ;Espresso ;Chicken Box ;Kopi 
Kue;Bubur;Keripik;Mie rebus;Soto;Brownis;Bakso;Ubi Bakar ;Wajik Ketan ;Kue ;Stik Bawang ;Pancake ;Nasi Kebuli ;Bintang ;Mushroom ;Kue Pancong 
Susu;Bubur;Cokelat;Soto;Bakso;Sate ayam;Roti;Nutella ;Ikan ;Spagheti ;Nasi Timbel ;Cah Kembang Kol ;Fettucini ;Rol ;Sandwich ;Sosis 
Buah;Bubur;Sate kambing;Soto;Empal gentong;Ayam bakar;Snack;Sop Ayam ;Soda ;Talam ;Misoa ;Tahu Isi ;Pie Coklat ;Bugis Daun ;Bulgogi ;Tempura 
Pudding;Sup;Kopi;Sup ayam;Nasi Goreng;Pecel lele;Wedang ronde;Kue Lumpur ;Rol ;Luwak White ;Mie Campur ;Stik Bawang ;Bugis Daun ;Cantik  ;Sop Ayam ;Pie Coklat 
Coklat;Sup;Martabak;Lontong;Seblak;Brownis;Bubur kacang ijo;Rol ;Cantik  ;Bandeng ;Daging ;Bandeng ;Putri Salju ;Nasi Gila ;Talam ;Talam 
Waffle;Mie rebus;Roti bakar;Indomie;Ayam geprek;Nasi goreng;Bajigur;Bugis Daun ;Nasi Gila ;Nasi Timbel ;Crab Stick ;Gurami ;Stik Bawang ;Mie Campur ;Cantik  ;Bugis Daun 
Nasi uduk;Kue tart;Zuppa soup;Jus buah;Buah;Pasta;Zuppa soup;Tahu Isi ;Bandeng ;Crab Stick ;Kulit Ayam ;Mie Campur ;Sapo Tahu ;Usus Ayam ;Stik Bawang ;Putri Salju 
Semangka;Sup;Mie ayam;Ayam geprek;Indomie;Ramen;Indomie;Kakap ;Nasi Timbel ;Kremesan ;Choco Pie ;Daging ;Redvelvet ;Smoked Beef ;Gurami ;Redvelvet 
Buah;Sup;Snack;Gorengan;Kebab;Ayam goreng;Snack;Petai ;Crab Stick ;Gochujang ;Mcnugget ;Crab Stick ;Mie Campur ;Pukis ;Usus Ayam ;Kulit Ayam 
Sayur;Sup;Pizza;Jahe;Kopi;Soto;Kwetiaw rebus;Crab Stick ;Sayap Ayam ;Ekkado ;Meatball ;Choco Pie ;Kremesan ;Hershey ;Salted Caramel ;Kremesan 
Buah;Lasagna;Snack;Soto;Cokelat;Cokelat;Kwetiaw rebus;Sayap Ayam ;Kremesan ;Choco Pie ;Nugget ;Meatball ;Meatball ;Jamur Geprek ;Pukis ;Mcflurry 
Teh;Mie rebus;Pizza;Bakso;Tekwan;Martabak;Kopi;Dori ;Gochujang ;Nugget ;Chocolate Lava ;Mcnugget ;Mcnugget ;Sosro ;Brokoli ;Salted Caramel 
Buah;Sup;Brownis;Indomie;Soto;Kopi;Basreng;Choco Pie ;Ekkado ;Mcflurry ;Kerapu ;Nugget ;Nugget ;Crispy Nori ;Lettuce ;Pukis 
Teh;Snack;Snack;Cream soup;Nasi ayam;Bakmi;Cuanki;Jasmine Tea ;Jasmine Tea ;Ikan Lele ;Sayur Lodeh ;Chocolate Lava ;Chocolate Lava ;Shrimp Ball ;Hershey ;Brokoli 
Teh;Bubur sumsum;Snack;Bubur;Soto;Keripik;Takoyaki;Nasi Lele ;Mcnugget ;Smoked Beef ;Capucino ;Pukis ;Salted Caramel ;Tempe Geprek ;Jamur Geprek ;Hershey 
Roti kukus;Seblak;Martabak;Sup;Mie rebus;Soto;Mie rebus;Mcnugget ;Ikan Lele ;Kerapu ;Sosro ;Lettuce ;Pukis ;Kulit Goreng ;Crispy Nori ;Kanzler 
Telur dadar;Ayam bakar;Pizza;Nasi goreng;Gorengan;Burger;Kopi;Black Sesame ;Salted Caramel ;Capucino ;Jamu ;Sayur Lodeh ;Sayur Lodeh ;Ayam Saos ;Shrimp Ball ;Crispy Nori 
Pasta;Pecel lele;Pizza;Bubur;Sate kambing;Ayam sambal matah;Gorengan;Kerapu ;Sayur Lodeh ;Kanzler ;Shrimp Ball ;Hershey ;Shrimp Ball ;Durian ;Kulit Goreng ;Shrimp Ball 
Ubi bakar;Brownis;Indomie;Soto;Lontong;Siomay;Mie rebus;Lychee Tea ;Capucino ;Jamu ;Tempe Geprek ;Shrimp Ball ;Tempe Geprek ;Veggie Burger ;Ayam Saos ;Kulit Goreng 
Kue tart;Nasi goreng;Snack;Bubur;Sup;Nasi goreng;Telur dadar;Kanzler ;Hershey ;Crispy Nori ;Kulit Goreng ;Jamu ;Kulit Goreng ;Nasgor ;Durian ;Veggie Burger 
Cireng;Pasta;Indomie;Bubur;Soto;Sate padang;Teh;Iga Bakar ;Kanzler ;Kulit Goreng ;Ayam Saos ;Tempe Geprek ;Ayam Saos ;Kol Goreng ;Veggie Burger ;Nasgor 
Omlette;Ramen;Ketoprak;Bubur;Teh;Ayam goreng;Sate ayam;Crispy Nori ;Crispy Nori ;Ayam Saos ;Tongseng ;Kulit Goreng ;Veggie Burger ;An ;Nasgor ;Kol Goreng 
Fish & Chips;Sushi ;Sushi ;Indomie ;Snack ;Boba ;Martabak ;Tempe Geprek ;Tempe Geprek ;Veggie Burger ;Hotdough ;Ayam Saos ;Tongseng ;Srikaya ;Srikayo ;Srikayo 
Pangsit;Brownis ;Snack ;Snack ;Kwetiaw Rebus ;Kebab ;Mie Aceh ;Tempe Geprek ;Kulit Goreng ;Kol Goreng ;Lapis Sagu ;Srikaya ;An ;Tortila ;Es Fanta ;Es Fanta 
Spring roll;Nasi Goreng ;Martabak ;Indomie ;Indomie ;Kebab ;Kue Cokelat ;Durian ;Durian ;Hotdough ;Mayo ;Bolu Panggang ;Tortila ;Bolu Panggang ;Bolu Panggang ;Tortila 
Fettucini;Pasta ;Nasi Goreng ;Ketoprak ;Espresso ;Kwetiaw Rebus ;Banana ;Kol Goreng ;An ;Bolu Panggang ;Peyek ;Hotdough ;Bolu Panggang ;Lapis Sagu ;Wedang Jahe ;Bolu Panggang 
Kuaci;Ramen ;Ramen ;Taro ;Kembang Tahu ;Banana ;Ovamaltine;Tongseng ;Tongseng ;Bubur Ketan ;Buah Potong ;Lapis Sagu ;Lapis Sagu ;Peyek ;Kolak ;Peyek 
Jjangmyeon;Ayam Goreng ;Mie Rebus ;Snack ;Burger ;Garlic Bread ;Kebab ;Hotdough ;Srikaya ;Mayo ;Marjan ;Mayo ;Peyek ;Wedang Jahe ;Wiski ;Wedang Jahe 
Tempe orek;Soto ;Cream Soup ;Nasi Goreng ;Taro ;Kentang Goreng ;Mie Rebus ;Cendol ;Pencok ;Gulai Otak ;Teh Poci ;Marjan ;Kolak ;Sus ;Soju ;Kolak 
Sandwich;Sayur ;Bakso ;Martabak ;Mie ;Indomie ;Mie ;Gulai Ati ;Chicken Katsu ;Peyek ;Cornet ;Sus ;Sus ;Wiski ;Ramyeon ;Sus 
Shirataki;Kwetiaw ;Cruffin ;Espresso ;Martabak ;Mie ;Caramel Macchiato;Peyek ;Gulai Otak ;Buah Potong ;Hazelnut ;Toast ;Toast ;Soju ;Tteokbokki ;Kueh Keranjang 
Toast;Mcd ;Sup Kuah;Tahu Bulat  ;Jahe  ;Affogato;Wiski ;Buah Potong ;Gulai Ati ;Marjan ;Pandan ;Beef ;Beef ;Ramyeon ;Japchae ;Pay Buah 
Roti boy;Barbeque ;Roti Bakar ;Spagheti ;Nasi Goreng  ;Udang ;Hamburger;Brown Sugar ;Mayo ;Teh Poci ;Garlic Bread ;Richeese ;Richeese ;Tteokbokki ;Kimchi ;Roti Sisir 
Eclair;Steak ;Ayam  ;Keripik ;Telur ;Lalapan ;Pancong Dan ;Marjan ;Peyek ;Frestea ;Bubur Mutiara ;Drum Stick ;Drum Stick ;Japchae ;Bulgogi ;Happytoss 
Garlic bread;Pecel ;Ayam Sambal Matah   ;Rawon   ;Sekoteng ;Kentang Goreng ;Mie ;Teh Poci ;Buah Potong ;Acar ;Carbonara ;Roti Boy ;Roti Boy ;Kimchi ;Gimbap ;Risol 
Bubur mutiara;Martabak ;Soto ;Lalapan Plecing  ;Pastel ;Pisang Rebus ;Risoles Dan ;Jengkol ;Omlet ;Kari Kambing ;Cruffin ;Pie Cream ;Pie Cream ;Bulgogi ;Deopbap ;Apem 
Pastry;Telang ;Telang ;Buah Potong ;Hazelnut ;Toast ;Toast ;Otak ;Hotdog ;Teri ;Black Forrest ;Eclair ;Eclair ;Gimbap ;Bintang ;Lapis 
Doughnut;Snack ;Snack ;Marjan ;Pandan ;Beef ;Beef ;Tempe Mendoan ;Acar ;Telur  ;Pastry ;Almond ;Almond ;Deopbap ;Fillet ;Ongol Ongol 
Kastengel;Indomie ;Indomie ;Teh Poci ;Garlic Bread ;Richeese ;Richeese ;Rebung ;Kari Kambing ;Karaage ;Donat ;Toast ;Ovaltine ;Bintang ;Cah Kembang Kol ;Bintang 
Teri;Bakso ;Nasi Kuning ;Frestea ;Bubur Mutiara ;Drum Stick ;Drum Stick ;Pete ;Teri ;Cornet ;Doughnut ;Beef ;Beng Beng ;Fillet ;Bistik ;Fillet 
Beng beng;Telor ;Cireng ;Acar ;Carbonara ;Roti Boy ;Roti Boy ;Caisim ;Telur  ;Hazelnut ;Oreo ;Richeese ;Ayam Suwir ;Cah Kembang Kol ;Coca Cola ;Cah Kembang Kol 
Taro;Cireng ;Suket ;Kari Kambing ;Cruffin ;Pie Cream ;Pie Cream ;Taichan ;Karaage ;Pandan ;Lidah Kucing ;Drum Stick ;Regal ;Bistik ;Milo ;Bistik 
Regal;Kentang Goreng ;Dimsum ;Teri ;Black Forrest ;Eclair ;Eclair ;Kerang ;Cornet ;Garlic Bread ;Kastengel ;Roti Boy ;Milkshake ;Coca Cola ;Fish Ball ;Coca Cola 
Taro;Bubur ;Bubur Kacang ;Telur  ;Pastry ;Almond ;Almond ;Bebek ;Hazelnut ;Bubur Mutiara ;Nastar ;Pie Cream ;Ebi ;Milo ;Spring Roll ;Milo 
Oreo;Mie ;Mie ;Karaage ;Donat ;Toast ;Ovaltine ;Pare ;Pandan ;Carbonara ;Roti Canai ;Eclair ;Wiski ;Fish Ball ;Fettucini ;Fish Ball 
Donat;Suket ;Macaroni ;Cornet ;Doughnut ;Beef ;Beng Beng ;Terong ;Garlic Bread ;Cruffin ;Toast ;Almond ;Soju ;Spring Roll ;Sushi ;Spring Roll 
Sandwich;Sayur   ;Jamur ;Hazelnut ;Oreo ;Richeese ;Ayam Suwir ;Kepiting ;Bubur Mutiara ;Black Forrest ;Beef ;Ovaltine ;Ramyeon ;Fettucini ;Spagheti ;Fettucini 
Bubur mutiara;Salad   ;Pancake  ;Pandan ;Lidah Kucing ;Drum Stick ;Regal ;Paru ;Carbonara ;Pastry ;Richeese ;Beng Beng ;Tteokbokki ;Sushi ;Gelato ;Sushi 
Miso soup;Steak Daging ;Roti ;Garlic Bread ;Kastengel ;Roti Boy ;Milkshake ;Kikil ;Cruffin ;Donat ;Drum Stick ;Ayam Suwir ;Japchae ;Spagheti ;Agar Agar ;Spagheti 
Pasta;Air  ;Teh  Telur ;Bubur Mutiara ;Nastar ;Pie Cream ;Ebi ;Dendeng ;Black Forrest ;Doughnut ;Roti Boy ;Regal ;Kimchi ;Gelato ;Coke Float ;Gelato 
Sop Ayam;Karaage ;Pandan ;Carbonara ;Roti Canai ;Eclair ;Wiski ;Timun Serut ;Pastry ;Oreo ;Pie Cream ;Milkshake ;Bulgogi ;Agar Agar ;Onion Ring ;Agar Agar 
Pie coklat;Cornet ;Garlic Bread ;Cruffin ;Toast ;Almond ;Soju ;Ati Ampela ;Donat ;Lidah Kucing ;Eclair ;Ebi ;Gimbap ;Coke Float ;Ayam Sambal Matah ;Coke Float 
Talam;Hazelnut ;Bubur Mutiara ;Black Forrest ;Beef ;Ovaltine ;Ramyeon ;Pergedel ;Doughnut ;Kastengel ;Almond ;Wiski ;Deopbap ;Onion Ring ;Latte ;Onion Ring 
Wajik ketan;;;Roti Boy ;Regal ;;;Aqua ;Oreo ;Nastar ;Ovaltine ;Soju ;Soda ;Ayam Sambal Matah ;Telor Balado ;Ayam Sambal Matah 
Kue lumpur;;;Pie Cream ;Milkshake ;;;Bubur Sum-Sum ;Lidah Kucing ;Roti Canai ;Beng Beng ;Ramyeon ;Mozarella ;Latte ;Soda ;Latte 
Rol;;;Eclair ;Ebi ;;;Kolang Kaling ;Kastengel ;Tempura ;Ayam Suwir ;Tteokbokki ;;Telor Balado ;Mozarella ;Telor Balado 
Rol legit;;;Almond ;Wiski ;;;Mie Tektek ;Nastar ;Teriyaki ;Regal ;Japchae ;;Soda ;;Soda 
Soes;;;Ovaltine ;Soju ;;;Ropang ;Roti Canai ;Sashimi ;Milkshake ;Kimchi ;;Mozarella ;;Mozarella 
Sapo tahu;;;Beng Beng ;Ramyeon ;;;Acar ;Tempura ;Miso Soup ;Ebi ;Bulgogi ;;;;
Bakwan jagung;;;;;;;Kari Kambing ;Teriyaki ;Soba ;Salted Egg ;Gimbap ;;;;
Potato;;;;;;;Teri ;Sashimi ;Matcha ;Starbucks ;Deopbap ;;;;
Iced coffee;;;;;;;Telur  ;Miso Soup ;Baguette ;Sarden ;Soda ;;;;
McNugget;;;;;;;Karaage ;Soba ;Macaron ;Tuna ;Mozarella ;;;;
Kepiting ;;;;;;;Nasi Kebuli ;Matcha ;Souffle ;Espresso ;;;;;
Paru ;;;;;;;Sandwich ;Baguette ;Mango Sticky Rice ;Croissant ;;;;;
Kikil ;;;;;;;Mushroom ;Macaron ;Ovaltine ;Beef ;;;;;
Dendeng ;;;;;;;Chicken Box ;Souffle ;Beng Beng ;Aglio Olio ;;;;;
Timun Serut ;;;;;;;Shirataki ;Mango Sticky Rice ;Ayam Suwir ;Bbq ;;;;;
Ati Ampela ;;;;;;;Kari ;Ovaltine ;Regal ;Frappuccino ;;;;;
Pergedel ;;;;;;;Babi Panggang ;Beng Beng ;Milkshake ;Nescafe ;;;;;
;;;;;;;Tempura ;Ayam Suwir ;Ebi ;Jalapeno ;;;;;
;;;;;;;Teriyaki ;Regal ;Salted Egg ;Taro ;;;;;
;;;;;;;Sashimi ;Milkshake ;Starbucks ;Wiski ;;;;;
;;;;;;;Miso Soup ;Ebi ;Sarden ;Soju ;;;;;
;;;;;;;Soba ;Salted Egg ;Tuna ;Ramyeon ;;;;;
;;;;;;;Matcha ;Starbucks ;Espresso ;Tteokbokki ;;;;;
;;;;;;;Baguette ;Sarden ;Croissant ;Japchae ;;;;;
;;;;;;;Macaron ;Tuna ;Beef ;Kimchi ;;;;;
;;;;;;;Souffle ;Espresso ;Aglio Olio ;Bulgogi ;;;;;
;;;;;;;Mango Sticky Rice ;Croissant ;Bbq ;Gimbap ;;;;;
;;;;;;;Kratingdaeng ;Beef ;Frappuccino ;Deopbap ;;;;;
;;;;;;;Kuaci ;Aglio Olio ;Nescafe ;Soda ;;;;;
;;;;;;;Rice Bowl ;Bbq ;Jalapeno ;Mozarella ;;;;;
;;;;;;;Pocari Sweat ;Frappuccino ;Taro ;;;;;;
;;;;;;;Soda ;Nescafe ;;;;;;;
;;;;;;;Mozarella ;Jalapeno ;;;;;;;
